,endTime,artistName,trackName,Genre,msPlayed,Day of the Week
0,9/20/2019 23:06,blink-182,Remember To Forget Me,pop punk,34020,Friday
1,9/25/2019 21:20,Veronica Vega,Wave (feat. Lil Wayne & Jeremih),rap latina,52226,Wednesday
2,9/30/2019 14:40,Old Dominion,Make It Sweet,contemporary country,186133,Monday
3,9/30/2019 14:43,Chris Young,I'm Comin' Over,contemporary country,197280,Monday
4,9/30/2019 14:46,Old Dominion,Song for Another Time,contemporary country,191826,Monday
5,9/30/2019 15:58,Jonas Brothers,Fly With Me,boy band,31923,Monday
6,9/30/2019 16:55,Dan + Shay,Stupid Love,contemporary country,194693,Monday
7,9/30/2019 16:59,Jay Park,좋아 Joah - Remastered,k-pop,230085,Monday
8,9/30/2019 17:53,Gente De Zona,Yo Quiero (Si Tu Te Enamoras),cubaton,210973,Monday
9,9/30/2019 19:33,Panic! At The Disco,Nine in the Afternoon - Single Mix,baroque pop,198282,Monday
10,9/30/2019 19:35,Little Big Town,From This Dream,contemporary country,125633,Monday
11,9/30/2019 20:42,Sam Hunt,Leave The Night On,contemporary country,192160,Monday
12,9/30/2019 20:45,The Beatles,I Want To Hold Your Hand - Remastered 2015,beatlesque,145746,Monday
13,9/30/2019 20:49,Florida Georgia Line,Simple,contemporary country,185200,Monday
14,9/30/2019 21:01,Greek Fire,Top of the World,stl indie,79467,Monday
15,9/30/2019 21:15,Jonas Brothers,Strangers,boy band,167523,Monday
16,10/1/2019 0:00,Phil Collins,You Can't Hurry Love - 2016 Remaster,mellow gold,39739,Tuesday
17,10/1/2019 2:25,Mark Ronson,Valerie (feat. Amy Winehouse) - Version Revisited,dance pop,85646,Tuesday
18,10/1/2019 14:59,Mark Ronson,Valerie (feat. Amy Winehouse) - Version Revisited,dance pop,219413,Tuesday
19,10/1/2019 15:55,Hillsong Worship,I Surrender - Live,ccm,224657,Tuesday
20,10/1/2019 17:12,Jonas Brothers,Paranoid,boy band,155412,Tuesday
21,10/1/2019 18:08,Old Dominion,My Heart Is a Bar,contemporary country,238986,Tuesday
22,10/1/2019 18:17,Twenty One Pilots,Not Today,modern rock,228393,Tuesday
23,10/1/2019 18:19,Twenty One Pilots,House of Gold,modern rock,163880,Tuesday
24,10/1/2019 18:45,Boys Like Girls,Five Minutes to Midnight,neo mellow,209567,Tuesday
25,10/1/2019 20:06,Robin Schulz,Sugar (feat. Francesco Yates),dance pop,219043,Tuesday
26,10/1/2019 20:18,Joe Jonas,"Gotta Find You - From ""Camp Rock""/Soundtrack Version",post-teen pop,194698,Tuesday
27,10/1/2019 20:25,Mark Keali'i Ho'omalu,"He Mele No Lilo - From ""Lilo & Stitch""/Soundtrack Version",movie tunes,148133,Tuesday
28,10/1/2019 20:56,blink-182,Darkside,pop punk,180960,Tuesday
29,10/1/2019 20:57,Haley & Michaels,Giving It All (To You),contemporary country,54899,Tuesday
30,10/1/2019 21:00,Bowling For Soup,Almost,comic,206160,Tuesday
31,10/1/2019 21:02,Old Dominion,No Such Thing as a Broken Heart,contemporary country,68909,Tuesday
32,10/1/2019 21:28,Rush,Limelight,album rock,259840,Tuesday
33,10/1/2019 21:40,Jet,Are You Gonna Be My Girl,alternative rock,213800,Tuesday
34,10/1/2019 21:45,Eminem,Without Me,detroit hip hop,290320,Tuesday
35,10/1/2019 21:49,Santana,Into the Night (feat. Chad Kroeger),blues rock,222440,Tuesday
36,10/1/2019 21:57,U2,Vertigo,irish rock,194520,Tuesday
37,10/1/2019 22:11,High Valley,I Be U Be,alberta country,213093,Tuesday
38,10/1/2019 22:15,U2,The Miracle (Of Joey Ramone),irish rock,255382,Tuesday
39,10/1/2019 22:39,Nick Jonas,"Introducing Me - From ""Camp Rock 2: The Final Jam""",dance pop,162544,Tuesday
40,10/2/2019 0:55,BROWN & GRAY,Top Down,country pop,181594,Wednesday
41,10/2/2019 0:58,Guy Sebastian,Like It Like That,australian pop,104385,Wednesday
42,10/2/2019 3:21,HIXTAPE,Nothin’ Out Here (HARDY feat. Thomas Rhett),contemporary country,214600,Wednesday
43,10/2/2019 3:22,Uzuhan,Uzusauce,christian trap,56308,Wednesday
44,10/2/2019 3:34,Billy Joel,We Didn't Start the Fire,album rock,287733,Wednesday
45,10/2/2019 3:43,Kenny Chesney,All the Pretty Girls,contemporary country,212893,Wednesday
46,10/2/2019 3:55,Zac Brown Band,Chicken Fried,contemporary country,82174,Wednesday
47,10/2/2019 4:11,John Denver,"Take Me Home, Country Roads - Rerecorded",adult standards,197813,Wednesday
48,10/2/2019 4:15,Mark Ronson,Valerie (feat. Amy Winehouse) - Version Revisited,dance pop,219413,Wednesday
49,10/2/2019 4:20,Brewer & Shipley,One Toke Over the Line,country rock,199041,Wednesday
50,10/2/2019 4:49,Matthew West,Grace Wins,anthem worship,42623,Wednesday
51,10/2/2019 16:37,Sidewalk Prophets,Smile,anthem worship,176133,Wednesday
52,10/2/2019 16:41,Jonas Brothers,S.O.S.,boy band,153346,Wednesday
53,10/2/2019 16:48,Rudimental,"These Days (feat. Jess Glynne, Macklemore & Dan Caplen)",dance pop,210772,Wednesday
54,10/2/2019 18:56,Pentatonix,Sing,a cappella,105597,Wednesday
55,10/2/2019 21:07,The Beach Boys,Little Saint Nick - 1991 Remix,baroque pop,80098,Wednesday
56,10/2/2019 21:11,First Class,Beach Baby,rock,289681,Wednesday
57,10/2/2019 21:14,Straight No Chaser,Feels like Christmas (feat. Jana Kramer),a cappella,179186,Wednesday
58,10/2/2019 21:17,Thomas Rhett,Sixteen,contemporary country,178333,Wednesday
59,10/2/2019 21:28,Backstreet Boys,It's Christmas Time Again,boy band,203028,Wednesday
60,10/2/2019 21:36,Stellar Kart,Kiss the Girl,ccm,201626,Wednesday
61,10/2/2019 21:51,Beach Avenue,Coming Your Way,pop,85841,Wednesday
62,10/2/2019 22:30,Frankie Valli & The Four Seasons,I've Got You Under My Skin,adult standards,49043,Wednesday
63,10/2/2019 22:32,Frankie Valli & The Four Seasons,Alone,adult standards,69123,Wednesday
64,10/2/2019 22:32,Frankie Valli & The Four Seasons,C'mon Marianne,adult standards,30430,Wednesday
65,10/2/2019 22:34,Frankie Valli & The Four Seasons,Our Day Will Come - Live,adult standards,33392,Wednesday
66,10/2/2019 22:57,Jonas Brothers,Fly With Me,boy band,142863,Wednesday
67,10/2/2019 23:37,Blue Öyster Cult,Burnin' for You,album rock,177412,Wednesday
68,10/2/2019 23:41,Sister Hazel,Mandolin Moon,acoustic pop,214346,Wednesday
69,10/3/2019 0:47,The Ready Set,Love Like Woe,alternative pop rock,119361,Thursday
70,10/3/2019 0:58,Jay Park,좋아 Joah - Remastered,k-pop,192487,Thursday
71,10/3/2019 4:18,Zac Brown Band,From Now On,contemporary country,104885,Thursday
72,10/3/2019 4:19,Zac Brown Band,Sweet Annie,contemporary country,72842,Thursday
73,10/3/2019 15:04,Old Dominion,Song for Another Time,contemporary country,191826,Thursday
74,10/3/2019 15:08,Elvis Presley,Burning Love - Live,rock-and-roll,177080,Thursday
75,10/3/2019 16:08,Phillip Phillips,Home,folk-pop,172464,Thursday
76,10/3/2019 16:24,Jonas Brothers,Paranoid,boy band,218266,Thursday
77,10/3/2019 16:27,Cast Of Camp Rock,We Rock,post-teen pop,190933,Thursday
78,10/3/2019 16:30,Unspoken,Who You Are,anthem worship,204013,Thursday
79,10/3/2019 16:35,Michael Jackson,Beat It - Single Version,pop,258040,Thursday
80,10/3/2019 16:38,American Authors,Go Big Or Go Home,indie poptimism,169026,Thursday
81,10/3/2019 16:41,Rag'n'Bone Man,Human,neo soul,200186,Thursday
82,10/3/2019 16:46,Eminem,The Real Slim Shady,detroit hip hop,284200,Thursday
83,10/3/2019 16:50,Nena,99 Red Balloons - Club Mix,german pop,281453,Thursday
84,10/3/2019 16:54,Keith Urban,You'll Think Of Me - Single Version,australian country,231293,Thursday
85,10/3/2019 16:58,Boys Like Girls,Be Your Everything,neo mellow,210706,Thursday
86,10/3/2019 17:01,Brewer & Shipley,One Toke Over the Line,country rock,199041,Thursday
87,10/3/2019 17:05,We The Kings,"Check Yes, Juliet",neon pop punk,220146,Thursday
88,10/3/2019 17:23,Straight No Chaser,Text Me Merry Christmas (feat. Kristen Bell),a cappella,48699,Thursday
89,10/3/2019 23:40,Taylor Swift,I Forgot That You Existed,dance pop,39773,Thursday
90,10/3/2019 23:41,Taylor Swift,Cruel Summer,dance pop,50858,Thursday
91,10/3/2019 23:43,Taylor Swift,Lover,dance pop,142992,Thursday
92,10/3/2019 23:45,Taylor Swift,The Archer,dance pop,67049,Thursday
93,10/3/2019 23:47,Taylor Swift,I Think He Knows,dance pop,93457,Thursday
94,10/3/2019 23:48,Taylor Swift,Miss Americana & The Heartbreak Prince,dance pop,56207,Thursday
95,10/3/2019 23:49,Taylor Swift,Paper Rings,dance pop,66741,Thursday
96,10/3/2019 23:50,Taylor Swift,Cornelia Street,dance pop,68718,Thursday
97,10/3/2019 23:51,Taylor Swift,Death By A Thousand Cuts,dance pop,59228,Thursday
98,10/3/2019 23:52,Taylor Swift,London Boy,dance pop,79289,Thursday
99,10/3/2019 23:56,Taylor Swift,Daylight,dance pop,46468,Thursday
100,10/4/2019 0:03,Taylor Swift,State Of Grace,dance pop,136213,Friday
101,10/4/2019 0:05,Taylor Swift,Red,dance pop,34259,Friday
102,10/4/2019 0:07,Taylor Swift,Red,dance pop,35059,Friday
103,10/4/2019 0:09,Jon Bellion,Morning In America,pop rap,108574,Friday
104,10/4/2019 0:10,Taylor Swift,Treacherous,dance pop,80898,Friday
105,10/4/2019 0:14,Taylor Swift,All Too Well,dance pop,118065,Friday
106,10/4/2019 0:19,Taylor Swift,Stay Stay Stay,dance pop,78177,Friday
107,10/4/2019 0:21,Taylor Swift,The Last Time,dance pop,106688,Friday
108,10/4/2019 0:22,Taylor Swift,Holy Ground,dance pop,92466,Friday
109,10/4/2019 0:23,Taylor Swift,Sad Beautiful Tragic,dance pop,52539,Friday
110,10/4/2019 0:24,Taylor Swift,The Lucky One,dance pop,71962,Friday
111,10/4/2019 0:25,Taylor Swift,Everything Has Changed,dance pop,72841,Friday
112,10/4/2019 0:26,Taylor Swift,Starlight,dance pop,62060,Friday
113,10/4/2019 0:27,Taylor Swift,Begin Again,dance pop,43920,Friday
114,10/4/2019 0:30,Old Dominion,Half Empty,contemporary country,34843,Friday
115,10/4/2019 4:06,Fall Out Boy,"Sugar, We're Goin Down",emo,220158,Friday
116,10/4/2019 4:16,Pitbull,Echa Pa'lla (Manos Pa'rriba) (feat. Papayo),dance pop,196440,Friday
117,10/4/2019 4:32,Jet,Are You Gonna Be My Girl,alternative rock,213800,Friday
118,10/4/2019 4:35,The All-American Rejects,Dirty Little Secret,modern rock,193653,Friday
119,10/4/2019 4:44,Robin Schulz,Sugar (feat. Francesco Yates),dance pop,219043,Friday
120,10/4/2019 14:30,Billy Joel,We Didn't Start the Fire,album rock,287733,Friday
121,10/4/2019 14:34,Thomas Rhett,Marry Me,contemporary country,205453,Friday
122,10/4/2019 15:01,Old Dominion,Written in the Sand,contemporary country,184080,Friday
123,10/4/2019 15:43,Zac Brown Band,Keep Me in Mind,contemporary country,193698,Friday
124,10/4/2019 18:51,Taylor Swift,State Of Grace,dance pop,140450,Friday
125,10/5/2019 1:18,Dan + Shay,"10,000 Hours (with Justin Bieber)",contemporary country,164668,Saturday
126,10/5/2019 1:40,Luke Combs,When It Rains It Pours,contemporary country,193600,Saturday
127,10/5/2019 20:27,Jonas Brothers,Fly With Me,boy band,234146,Saturday
128,10/5/2019 20:35,Stellar Kart,Can You Feel The Love Tonight,ccm,224573,Saturday
129,10/5/2019 20:52,The Goo Goo Dolls,Sympathy,alternative rock,178146,Saturday
130,10/5/2019 20:59,Robin Schulz,Sugar (feat. Francesco Yates),dance pop,219043,Saturday
131,10/5/2019 21:03,Phillip Phillips,"Gone, Gone, Gone",folk-pop,209693,Saturday
132,10/5/2019 21:16,Phillip Phillips,Home,folk-pop,210173,Saturday
133,10/5/2019 21:25,Justin Moore,If Heaven Wasn't So Far Away,arkansas country,50983,Saturday
134,10/6/2019 4:41,Kacey Musgraves,Follow Your Arrow,contemporary country,199640,Sunday
135,10/6/2019 4:44,Guster,This Could All Be Yours,boston rock,212146,Sunday
136,10/6/2019 4:48,Chris Tomlin,Holy Is The Lord,ccm,252533,Sunday
137,10/6/2019 4:51,Pentatonix,Cheerleader,a cappella,183066,Sunday
138,10/6/2019 4:54,Jonas Brothers,Sucker,boy band,181040,Sunday
139,10/6/2019 4:58,Kid Ink,Ride Out,dance pop,211908,Sunday
140,10/6/2019 5:04,Dan + Shay,Tequila - Acoustic,contemporary country,195320,Sunday
141,10/6/2019 5:09,"Phillips, Craig & Dean",You Are God Alone (Not A God),ccm,258480,Sunday
142,10/6/2019 5:12,Carly Rae Jepsen,Everywhere You Look (The Fuller House Theme),canadian pop,198207,Sunday
143,10/6/2019 5:15,Pentatonix,White Winter Hymnal,a cappella,167253,Sunday
144,10/6/2019 5:21,Lobo,I'd Love You to Want Me,adult standards,247640,Sunday
145,10/6/2019 5:25,The Spinners,The Rubberband Man,classic soul,215109,Sunday
146,10/6/2019 5:29,Rob Thomas,Streetcorner Symphony,acoustic pop,247826,Sunday
147,10/6/2019 5:32,Billy Currington,Hey Girl,contemporary country,198301,Sunday
148,10/7/2019 14:40,Zac Brown Band,From Now On,contemporary country,260960,Monday
149,10/7/2019 14:44,Eminem,Without Me,detroit hip hop,248090,Monday
150,10/7/2019 14:51,Phil Collins,You Can't Hurry Love - 2016 Remaster,mellow gold,175746,Monday
151,10/7/2019 14:55,Taylor Swift,Holy Ground,dance pop,201853,Monday
152,10/7/2019 15:26,Taron Egerton,"I'm Still Standing - From ""Sing"" Original Motion Picture Soundtrack",hollywood,187853,Monday
153,10/7/2019 15:28,Jonas Brothers,Paranoid,boy band,106637,Monday
154,10/7/2019 16:41,Jonas Brothers,Paranoid,boy band,111629,Monday
155,10/7/2019 19:15,Maroon 5,Lucky Strike,pop,99381,Monday
156,10/7/2019 19:42,Maroon 5,Lucky Strike,pop,86185,Monday
157,10/7/2019 20:19,Jonas Brothers,Lovebug,boy band,133059,Monday
158,10/7/2019 23:59,Dan + Shay,My Side of the Fence,contemporary country,122353,Monday
159,10/8/2019 15:08,"Earth, Wind & Fire",September,disco,215080,Tuesday
160,10/8/2019 15:12,Old Dominion,Snapback,contemporary country,206506,Tuesday
161,10/8/2019 15:25,Zac Brown Band,My Old Man,contemporary country,227222,Tuesday
162,10/8/2019 16:07,Duran Duran,Hungry Like the Wolf - 2009 Remaster,dance rock,220626,Tuesday
163,10/8/2019 16:11,Jay Park,좋아 Joah - Remastered,k-pop,212283,Tuesday
164,10/8/2019 17:17,Taylor Swift,Holy Ground,dance pop,140571,Tuesday
165,10/8/2019 20:00,Old Dominion,Make It Sweet,contemporary country,186133,Tuesday
166,10/8/2019 20:01,Becky G,Mayores,dance pop,55814,Tuesday
167,10/8/2019 20:09,Rex Orange County,Sunflower,bedroom pop,252230,Tuesday
168,10/8/2019 20:42,Dan + Shay,Speechless,contemporary country,159598,Tuesday
169,10/8/2019 21:14,Paramore,Misery Business,candy pop,208299,Tuesday
170,10/8/2019 21:21,blink-182,Darkside,pop punk,180960,Tuesday
171,10/8/2019 21:22,Train,"Hey, Soul Sister",neo mellow,34959,Tuesday
172,10/8/2019 21:25,DMX,Party Up,east coast hip hop,164721,Tuesday
173,10/8/2019 21:41,Sweet,Ballroom Blitz,album rock,246573,Tuesday
174,10/8/2019 21:54,Eminem,Berzerk,detroit hip hop,238746,Tuesday
175,10/8/2019 21:58,Hollywood Undead,Day Of The Dead,alternative metal,235240,Tuesday
176,10/8/2019 22:08,Daddy Yankee,Limbo,latin,224693,Tuesday
177,10/8/2019 22:12,Boys Like Girls,Five Minutes to Midnight,neo mellow,227360,Tuesday
178,10/8/2019 22:16,The Killers,Mr. Brightside,modern rock,222586,Tuesday
179,10/8/2019 22:38,Bowling For Soup,Almost,comic,206160,Tuesday
180,10/8/2019 22:41,Elvis Presley,Stuck on You,rock-and-roll,139640,Tuesday
181,10/8/2019 22:46,Elvis Presley,Burning Love - Live,rock-and-roll,110277,Tuesday
182,10/9/2019 16:39,Taylor Swift,All Too Well,dance pop,327893,Wednesday
183,10/9/2019 16:40,Stellar Kart,A Whole New World,ccm,65124,Wednesday
184,10/9/2019 18:53,Sidewalk Prophets,Smile,anthem worship,113547,Wednesday
185,10/9/2019 20:33,Neil Diamond,Cracklin' Rosie,adult standards,178853,Wednesday
186,10/9/2019 20:44,The Goo Goo Dolls,Come to Me,alternative rock,225333,Wednesday
187,10/9/2019 20:47,Taylor Swift,You Belong With Me,dance pop,232120,Wednesday
188,10/9/2019 20:52,Stellar Kart,Can You Feel The Love Tonight,ccm,224573,Wednesday
189,10/9/2019 21:07,Thomas Rhett,Marry Me,contemporary country,205453,Wednesday
190,10/9/2019 21:24,Passion,In Christ Alone - Live,anthem worship,53943,Wednesday
191,10/9/2019 23:53,Train,Drops of Jupiter (Tell Me),neo mellow,259933,Wednesday
192,10/10/2019 0:00,The Goo Goo Dolls,Iris,alternative rock,289906,Thursday
193,10/10/2019 15:15,Dan + Shay,Speechless,contemporary country,212745,Thursday
194,10/10/2019 15:21,Zac Brown Band,Colder Weather,contemporary country,273893,Thursday
195,10/10/2019 16:39,Joe Jonas,"Gotta Find You - From ""Camp Rock""/Soundtrack Version",post-teen pop,165894,Thursday
196,10/10/2019 22:07,We The Kings,"Check Yes, Juliet",neon pop punk,119635,Thursday
197,10/11/2019 16:31,Taylor Swift,Holy Ground,dance pop,200146,Friday
198,10/11/2019 16:34,Neil Diamond,Cracklin' Rosie,adult standards,178853,Friday
199,10/11/2019 18:47,Rend Collective,Build Your Kingdom Here,anthem worship,65061,Friday
200,10/11/2019 18:53,Elvis Presley,Stuck on You,rock-and-roll,139640,Friday
201,10/11/2019 18:56,Ed Sheeran,Remember The Name (feat. Eminem & 50 Cent),pop,199458,Friday
202,10/11/2019 20:42,Zac Brown Band,2 Places at 1 Time,contemporary country,147083,Friday
203,10/11/2019 21:14,Mandy Moore,"I See the Light - From ""Tangled"" / Soundtrack Version",dance pop,218776,Friday
204,10/11/2019 21:17,Neil Diamond,Cracklin' Rosie,adult standards,178853,Friday
205,10/11/2019 21:21,Old Dominion,My Heart Is a Bar,contemporary country,238986,Friday
206,10/11/2019 21:27,Billy Joel,We Didn't Start the Fire,album rock,142321,Friday
207,10/11/2019 21:58,Bowling For Soup,Almost,comic,206160,Friday
208,10/11/2019 22:01,Victorious Cast,Take A Hint,dance pop,84784,Friday
209,10/13/2019 7:19,Stellar Kart,For the First Time in Forever,ccm,43035,Sunday
210,10/13/2019 22:05,Prince Royce,Back It Up (feat. Jennifer Lopez & Pitbull) - Spanish Version,bachata,200952,Sunday
211,10/13/2019 22:15,Fall Out Boy,Dear Future Self (Hands Up) [feat. Wyclef Jean],emo,171173,Sunday
212,10/13/2019 22:22,Rascal Flatts,My Wish,contemporary country,248280,Sunday
213,10/13/2019 22:29,Zac Brown Band,As She's Walking Away (feat. Alan Jackson),contemporary country,100000,Sunday
214,10/13/2019 22:36,The All-American Rejects,Dirty Little Secret,modern rock,193653,Sunday
215,10/13/2019 22:36,Chris Tomlin,Come Home Running,ccm,37917,Sunday
216,10/14/2019 14:40,Dan + Shay,My Side of the Fence,contemporary country,219826,Monday
217,10/14/2019 15:43,Eagles,Take It Easy - 2013 Remaster,album rock,193870,Monday
218,10/14/2019 16:44,Old Dominion,Nowhere Fast,contemporary country,188960,Monday
219,10/14/2019 16:48,Pitbull,Echa Pa'lla (Manos Pa'rriba) (feat. Papayo),dance pop,196440,Monday
220,10/14/2019 16:52,Stellar Kart,Can You Feel The Love Tonight,ccm,224573,Monday
221,10/14/2019 18:51,Zac Brown Band,Mango Tree,contemporary country,95286,Monday
222,10/14/2019 20:47,ABBA,Chiquitita,europop,284460,Monday
223,10/14/2019 20:50,Neil Diamond,Cracklin' Rosie,adult standards,178853,Monday
224,10/14/2019 21:37,Old Dominion,Break Up with Him,contemporary country,154205,Monday
225,10/15/2019 15:04,Rex Orange County,Loving Is Easy,bedroom pop,155720,Tuesday
226,10/15/2019 15:04,Macklemore & Ryan Lewis,Same Love - feat. Mary Lambert,dance pop,32770,Tuesday
227,10/15/2019 15:15,Old Dominion,Half Empty,contemporary country,170800,Tuesday
228,10/15/2019 15:19,Taylor Swift,Holy Ground,dance pop,201853,Tuesday
229,10/15/2019 16:08,Passion,"Lord, I Need You - Live",anthem worship,274645,Tuesday
230,10/15/2019 16:11,The Lonely Island,Semicolon,comedy rap,154933,Tuesday
231,10/15/2019 16:14,Moon Taxi,Two High,indie pop,213120,Tuesday
232,10/15/2019 21:13,Sweet,Ballroom Blitz,album rock,246573,Tuesday
233,10/15/2019 21:17,Blackjack Billy,Born to Ride,modern southern rock,219693,Tuesday
234,10/15/2019 21:32,Daddy Yankee,Limbo,latin,224693,Tuesday
235,10/15/2019 21:39,U2,The Miracle (Of Joey Ramone),irish rock,255382,Tuesday
236,10/15/2019 21:47,Fall Out Boy,"Sugar, We're Goin Down",emo,229093,Tuesday
237,10/15/2019 21:51,Paramore,Misery Business,candy pop,211520,Tuesday
238,10/15/2019 21:55,Twenty One Pilots,Fake You Out,modern rock,231320,Tuesday
239,10/15/2019 21:59,Brett Dennen,Comeback Kid (That's My Dog),acoustic pop,204187,Tuesday
240,10/15/2019 22:02,blink-182,Darkside,pop punk,177124,Tuesday
241,10/15/2019 22:05,Bowling For Soup,Almost,comic,206160,Tuesday
242,10/15/2019 22:12,Robin Schulz,Sugar (feat. Francesco Yates),dance pop,219043,Tuesday
243,10/15/2019 22:16,Skillet,Feel Invincible,alternative metal,229933,Tuesday
244,10/15/2019 22:29,Fall Out Boy,The Phoenix,emo,244960,Tuesday
245,10/15/2019 22:29,Ozzy Osbourne,Crazy Train,album rock,35242,Tuesday
246,10/15/2019 22:33,Boys Like Girls,Five Minutes to Midnight,neo mellow,227360,Tuesday
247,10/15/2019 22:53,blink-182,She's Out Of Her Mind,pop punk,162720,Tuesday
248,10/15/2019 22:56,Veronica Vega,Wave (feat. Lil Wayne & Jeremih),rap latina,212466,Tuesday
249,10/15/2019 23:00,Pitbull,Haciendo Ruido,dance pop,188800,Tuesday
250,10/15/2019 23:02,Eminem,'Till I Collapse,detroit hip hop,92304,Tuesday
251,10/16/2019 16:45,Taron Egerton,"I'm Still Standing - From ""Sing"" Original Motion Picture Soundtrack",hollywood,187853,Wednesday
252,10/16/2019 16:53,Elvis Presley,Stuck on You,rock-and-roll,139640,Wednesday
253,10/16/2019 17:52,Ozomatli,After Party,latin alternative,225960,Wednesday
254,10/16/2019 17:59,MKTO,How Can I Forget,dance pop,177140,Wednesday
255,10/16/2019 20:17,Uncle Kracker,Floatin',country,178816,Wednesday
256,10/16/2019 20:23,Ed Sheeran,Remember The Name (feat. Eminem & 50 Cent),pop,207760,Wednesday
257,10/16/2019 20:28,Crowder,Come As You Are,anthem worship,289746,Wednesday
258,10/16/2019 20:29,Gwen Stefani,The Sweet Escape,dance pop,33232,Wednesday
259,10/16/2019 21:05,Taylor Swift,The Lucky One,dance pop,91437,Wednesday
260,10/16/2019 22:26,Old Dominion,Some People Do,contemporary country,192492,Wednesday
261,10/16/2019 22:32,Thomas Rhett,Up,contemporary country,77248,Wednesday
262,10/16/2019 22:39,The Goo Goo Dolls,Come to Me,alternative rock,225333,Wednesday
263,10/17/2019 0:07,Chris Tomlin,Resurrection Power,ccm,46964,Thursday
264,10/17/2019 2:58,Thomas Rhett,Marry Me,contemporary country,141397,Thursday
265,10/17/2019 3:19,Sweet,Ballroom Blitz,album rock,246573,Thursday
266,10/17/2019 3:30,Fall Out Boy,"Sugar, We're Goin Down",emo,229093,Thursday
267,10/17/2019 3:34,Pitbull,Echa Pa'lla (Manos Pa'rriba) (feat. Papayo),dance pop,196440,Thursday
268,10/17/2019 3:38,Lecrae,Tell The World,ccm,216726,Thursday
269,10/17/2019 3:38,Sports Machine,Chicago Bulls Theme Song (Sirius) [stadium Version],instrumental rock,34023,Thursday
270,10/17/2019 3:44,Fall Out Boy,The Phoenix,emo,244960,Thursday
271,10/17/2019 3:50,Tech N9ne,Worldwide Choppers,hip hop,326426,Thursday
272,10/17/2019 4:32,Veronica Vega,Wave (feat. Lil Wayne & Jeremih),rap latina,106203,Thursday
273,10/17/2019 4:45,Old Dominion,Some People Do,contemporary country,80867,Thursday
274,10/17/2019 15:06,Thomas Rhett,Almost,contemporary country,191591,Thursday
275,10/17/2019 15:30,Rex Orange County,Sunflower,bedroom pop,117234,Thursday
276,10/17/2019 16:06,Thomas Rhett,Notice,contemporary country,222853,Thursday
277,10/17/2019 16:10,Taylor Swift,Holy Ground,dance pop,201853,Thursday
278,10/17/2019 16:12,Maddie & Tae,Fly,contemporary country,122833,Thursday
279,10/17/2019 16:16,Old Dominion,My Heart Is a Bar,contemporary country,238986,Thursday
280,10/17/2019 16:18,Creedence Clearwater Revival,Down On The Corner,album rock,135687,Thursday
281,10/17/2019 17:38,Post Malone,Candy Paint,dfw rap,109243,Thursday
282,10/17/2019 19:56,Thomas Rhett,Notice,contemporary country,222853,Thursday
283,10/17/2019 19:57,Allman Brothers Band,Ramblin' Man,album rock,69644,Thursday
284,10/17/2019 19:59,ABBA,Chiquitita,europop,109631,Thursday
285,10/17/2019 20:05,Dan + Shay,"10,000 Hours (with Justin Bieber)",contemporary country,149933,Thursday
286,10/17/2019 21:14,Fall Out Boy,"Sugar, We're Goin Down",emo,227092,Thursday
287,10/17/2019 21:34,U2,The Miracle (Of Joey Ramone),irish rock,255382,Thursday
288,10/17/2019 21:37,High Valley,I Be U Be,alberta country,213093,Thursday
289,10/17/2019 21:54,Jet,Are You Gonna Be My Girl,alternative rock,213800,Thursday
290,10/17/2019 21:57,Robin Schulz,Sugar (feat. Francesco Yates),dance pop,92654,Thursday
291,10/18/2019 2:32,Zac Brown Band,My Old Man,contemporary country,54857,Friday
292,10/18/2019 2:35,Gin Blossoms,Hey Jealousy,alternative rock,236626,Friday
293,10/18/2019 2:38,Zac Brown Band,As She's Walking Away (feat. Alan Jackson),contemporary country,116073,Friday
294,10/18/2019 3:43,Troy,Bet On It,australian pop,51535,Friday
295,10/18/2019 3:49,Thomas Rhett,Notice,contemporary country,57668,Friday
296,10/18/2019 3:57,Thomas Rhett,Notice,contemporary country,165882,Friday
297,10/18/2019 4:05,Old Dominion,One Man Band,contemporary country,186520,Friday
298,10/18/2019 4:14,The Goo Goo Dolls,Sympathy,alternative rock,178146,Friday
299,10/18/2019 4:31,Pitbull,Echa Pa'lla (Manos Pa'rriba) (feat. Papayo),dance pop,196440,Friday
300,10/18/2019 4:38,Taron Egerton,"I'm Still Standing - From ""Sing"" Original Motion Picture Soundtrack",hollywood,187853,Friday
301,10/18/2019 4:41,Florida Georgia Line,H.O.L.Y.,contemporary country,194186,Friday
302,10/18/2019 4:45,Junior Doctor,Uh Oh,pop emo,217254,Friday
303,10/18/2019 14:47,Juan Magán,Echa Pa Aca,dance pop,112735,Friday
304,10/18/2019 15:02,Big Sean,One Man Can Change The World,detroit hip hop,250091,Friday
305,10/18/2019 15:55,Big Time Rush,Boyfriend,boy band,155936,Friday
306,10/18/2019 16:35,Zac Brown Band,My Old Man,contemporary country,129520,Friday
307,10/18/2019 16:38,Troy,Bet On It,australian pop,198320,Friday
308,10/18/2019 16:48,Sidewalk Prophets,Smile,anthem worship,176133,Friday
309,10/18/2019 16:52,Stealers Wheel,Stuck In The Middle With You,classic rock,203893,Friday
310,10/18/2019 16:53,blink-182,Adam's Song,pop punk,39184,Friday
311,10/18/2019 18:14,Post Malone,Candy Paint,dfw rap,227533,Friday
312,10/18/2019 18:19,Fall Out Boy,"Sugar, We're Goin Down",emo,229093,Friday
313,10/18/2019 18:23,Jonas Brothers,Lovebug,boy band,220693,Friday
314,10/18/2019 18:38,Jump5,"Aloha, E Komo Mai (Theme Song from Lilo & Stitch: The Series) - Extended Version",post-teen pop,144413,Friday
315,10/18/2019 18:56,Ed Sheeran,Remember The Name (feat. Eminem & 50 Cent),pop,97130,Friday
316,10/19/2019 21:53,Skylar Grey,Do You Remember,electropop,33010,Saturday
317,10/19/2019 21:55,Sam Hunt,Kinfolks,contemporary country,30060,Saturday
318,10/19/2019 21:58,John Rzeznik,"I'm Still Here (Jim's Theme) - From ""Treasure Planet""/Soundtrack Version",alternative rock,142060,Saturday
319,10/19/2019 22:09,Troy,Bet On It,australian pop,74470,Saturday
320,10/22/2019 15:02,Thomas Rhett,Almost,contemporary country,191591,Tuesday
321,10/22/2019 15:03,Demi Lovato,This Is Me,dance pop,52724,Tuesday
322,10/22/2019 15:08,ABBA,Chiquitita,europop,327040,Tuesday
323,10/22/2019 15:09,Fall Out Boy,The Last Of The Real Ones,emo,32192,Tuesday
324,10/22/2019 15:12,One Direction,No Control,boy band,199720,Tuesday
325,10/22/2019 15:16,HIXTAPE,Nothin’ Out Here (HARDY feat. Thomas Rhett),contemporary country,214600,Tuesday
326,10/22/2019 15:55,Twenty One Pilots,Fake You Out,modern rock,136859,Tuesday
327,10/22/2019 16:17,One Direction,No Control,boy band,199720,Tuesday
328,10/22/2019 17:48,Post Malone,Candy Paint,dfw rap,148435,Tuesday
329,10/22/2019 21:10,Alan Doyle,"1,2,3,4",canadian celtic,65960,Tuesday
330,10/22/2019 21:13,Fall Out Boy,"Sugar, We're Goin Down",emo,229093,Tuesday
331,10/22/2019 21:21,U2,The Miracle (Of Joey Ramone),irish rock,255382,Tuesday
332,10/22/2019 21:27,Pitbull,Hoy Se Bebe,dance pop,216866,Tuesday
333,10/22/2019 21:50,Fetty Wap,679 (feat. Monty),new jersey rap,186986,Tuesday
334,10/22/2019 22:13,Pitbull,Echa Pa'lla (Manos Pa'rriba) (feat. Papayo),dance pop,196440,Tuesday
335,10/22/2019 22:23,Avicii,Levels,big room,321268,Tuesday
336,10/22/2019 22:30,Relient K,Sadie Hawkins Dance,canadian ccm,177600,Tuesday
337,10/22/2019 22:32,Blackjack Billy,The Booze Cruise,modern southern rock,175560,Tuesday
338,10/22/2019 22:35,blink-182,Darkside,pop punk,180960,Tuesday
339,10/22/2019 22:42,Daddy Yankee,Limbo,latin,224693,Tuesday
340,10/22/2019 22:44,U2,Vertigo,irish rock,119334,Tuesday
341,10/22/2019 22:46,Old Dominion,My Heart Is a Bar,contemporary country,140637,Tuesday
342,10/22/2019 23:24,Dan + Shay,"10,000 Hours (with Justin Bieber)",contemporary country,167693,Tuesday
343,10/22/2019 23:57,Jump5,"Aloha, E Komo Mai (Theme Song from Lilo & Stitch: The Series) - Extended Version",post-teen pop,58420,Tuesday
344,10/23/2019 16:50,One Direction,No Control,boy band,199720,Wednesday
345,10/23/2019 16:59,Thomas Rhett,Notice,contemporary country,222853,Wednesday
346,10/23/2019 17:09,Kygo,Born To Be Yours,edm,139669,Wednesday
347,10/23/2019 17:29,Guy Sebastian,Like It Like That,australian pop,172564,Wednesday
348,10/23/2019 18:35,Brett Dennen,Comeback Kid (That's My Dog),acoustic pop,205373,Wednesday
349,10/23/2019 18:36,Dan + Shay,19 You + Me,contemporary country,31297,Wednesday
350,10/23/2019 18:38,Mark Ronson,Valerie (feat. Amy Winehouse) - Version Revisited,dance pop,165549,Wednesday
351,10/23/2019 21:10,One Direction,No Control,boy band,199720,Wednesday
352,10/23/2019 21:15,Mumford & Sons,I Will Wait,modern folk rock,276720,Wednesday
353,10/23/2019 21:17,High Valley,I Be U Be,alberta country,147316,Wednesday
354,10/23/2019 21:25,Skillet,Feel Invincible,alternative metal,229933,Wednesday
355,10/23/2019 21:29,The Beach Boys,Barbara Ann (Stereo) - Remastered,baroque pop,203000,Wednesday
356,10/23/2019 21:36,Dire Straits,Romeo and Juliet,album rock,361395,Wednesday
357,10/23/2019 21:40,Backstreet Boys,In a World Like This,boy band,220216,Wednesday
358,10/23/2019 21:44,Anuel AA,China,latin,178931,Wednesday
359,10/23/2019 21:46,Lunay,Soltera - Remix,latin,68100,Wednesday
360,10/23/2019 22:03,Sean Kingston,Me Love,dance pop,204293,Wednesday
361,10/23/2019 22:07,Mumford & Sons,The Cave,modern folk rock,217986,Wednesday
362,10/23/2019 22:31,Jonas Brothers,Strangers,boy band,233853,Wednesday
363,10/23/2019 22:38,Old Dominion,Snapback,contemporary country,184978,Wednesday
364,10/23/2019 23:32,The Tokens,Tonight I Met an Angel,brill building pop,118306,Wednesday
365,10/23/2019 23:39,Brewer & Shipley,One Toke Over the Line,country rock,199041,Wednesday
366,10/24/2019 0:07,Boston,Peace of Mind,album rock,272712,Thursday
367,10/24/2019 16:03,Zac Brown Band,Highway 20 Ride - Greatest Hits Version,contemporary country,229253,Thursday
368,10/24/2019 16:07,Robin Schulz,Sugar (feat. Francesco Yates),dance pop,219043,Thursday
369,10/24/2019 16:10,Taio Cruz,Break Your Heart,dance pop,186266,Thursday
370,10/24/2019 16:14,Britney Spears,Toxic,dance pop,158868,Thursday
371,10/24/2019 19:11,Matthew West,Truth Be Told,anthem worship,219440,Thursday
372,10/24/2019 19:16,Bowling For Soup,Almost,comic,193953,Thursday
373,10/24/2019 19:20,Zac Brown Band,Whatever It Is - Greatest Hits Version,contemporary country,208346,Thursday
374,10/24/2019 19:26,Antonio Banderas,Cancion del Mariachi,hollywood,127226,Thursday
375,10/24/2019 19:34,Thomas Rhett,Center Point Road,contemporary country,94746,Thursday
376,10/24/2019 19:36,Thomas Rhett,That Old Truck,contemporary country,160968,Thursday
377,10/24/2019 19:39,Thomas Rhett,VHS,contemporary country,163119,Thursday
378,10/24/2019 19:46,Thomas Rhett,Notice,contemporary country,108022,Thursday
379,10/24/2019 21:16,Pitbull,Echa Pa'lla (Manos Pa'rriba) (feat. Papayo),dance pop,196440,Thursday
380,10/24/2019 21:17,Flo Rida,GDFR (feat. Sage the Gemini and Lookas) - Noodles Remix,dance pop,67024,Thursday
381,10/24/2019 21:40,Boys Like Girls,Five Minutes to Midnight,neo mellow,227360,Thursday
382,10/24/2019 21:51,Foo Fighters,Learn to Fly,alternative metal,235293,Thursday
383,10/24/2019 21:53,Willy William,La La La,francoton,161847,Thursday
384,10/24/2019 21:58,Rush,Limelight,album rock,259840,Thursday
385,10/24/2019 22:04,Tech N9ne,Worldwide Choppers,hip hop,326426,Thursday
386,10/24/2019 22:08,Hollywood Undead,Everywhere I Go,alternative metal,210466,Thursday
387,10/24/2019 22:14,Boys Like Girls,Heels Over Head - Tom Lord-Alge Mix,neo mellow,188440,Thursday
388,10/24/2019 22:19,Eminem,Without Me,detroit hip hop,290320,Thursday
389,10/24/2019 22:26,Qwote,Throw Your Hands Up (Dancar Kuduro) [Radio Edit] (feat. Pitbull & Lucenzo),dance music,213066,Thursday
390,10/24/2019 22:30,Skillet,Hero,alternative metal,186813,Thursday
391,10/24/2019 22:33,Skillet,Monster,alternative metal,178013,Thursday
392,10/24/2019 22:44,We The Kings,"Check Yes, Juliet",neon pop punk,220146,Thursday
393,10/24/2019 23:17,Zac Brown Band,Jump Right In - Greatest Hits Version,contemporary country,123961,Thursday
394,10/25/2019 14:36,Limahl,Never Ending Story,new romantic,183587,Friday
395,10/25/2019 14:40,Matthew West,Truth Be Told,anthem worship,219440,Friday
396,10/25/2019 14:44,Justin Bieber,That Should Be Me,canadian pop,230786,Friday
397,10/25/2019 15:48,Dan + Shay,"10,000 Hours (with Justin Bieber)",contemporary country,139425,Friday
398,10/25/2019 15:53,Pentatonix,Sing,a cappella,177240,Friday
399,10/25/2019 16:38,Ed Sheeran,Remember The Name (feat. Eminem & 50 Cent),pop,207760,Friday
400,10/25/2019 18:34,Taylor Swift,State Of Grace,dance pop,101153,Friday
401,10/25/2019 20:00,Limahl,Never Ending Story,new romantic,212173,Friday
402,10/25/2019 20:13,Ed Sheeran,Castle on the Hill,pop,261153,Friday
403,10/25/2019 20:28,Taylor Swift,Holy Ground,dance pop,201853,Friday
404,10/25/2019 20:35,Straight No Chaser,Text Me Merry Christmas (feat. Kristen Bell),a cappella,160840,Friday
405,10/25/2019 20:49,Neil Diamond,Cracklin' Rosie,adult standards,178853,Friday
406,10/25/2019 20:53,Dan + Shay,Speechless,contemporary country,212745,Friday
407,10/25/2019 20:59,Fall Out Boy,"Sugar, We're Goin Down",emo,229093,Friday
408,10/25/2019 21:30,The Beach Boys,Barbara Ann (Stereo) - Remastered,baroque pop,145489,Friday
409,10/25/2019 23:54,The Goo Goo Dolls,Sympathy,alternative rock,68739,Friday
410,10/26/2019 5:25,Todd Rundgren,Bang the Drum All Day,album rock,36480,Saturday
411,10/27/2019 22:14,Limahl,Never Ending Story,new romantic,212173,Sunday
412,10/27/2019 22:22,Jonas Blue,Perfect Strangers,dance pop,30686,Sunday
413,10/27/2019 22:22,Thomas Rhett,Almost,contemporary country,191591,Sunday
414,10/27/2019 22:27,Mandy Moore,"I See the Light - From ""Tangled"" / Soundtrack Version",dance pop,221460,Sunday
415,10/27/2019 23:12,Brad Paisley,Mud on the Tires,contemporary country,208266,Sunday
416,10/27/2019 23:26,U2,The Miracle (Of Joey Ramone),irish rock,173822,Sunday
417,10/28/2019 14:44,Limahl,Never Ending Story,new romantic,212173,Monday
418,10/28/2019 14:54,Neil Diamond,Cracklin' Rosie,adult standards,178853,Monday
419,10/28/2019 15:15,MKTO,American Dream,dance pop,95748,Monday
420,10/28/2019 16:42,Keith Urban,Parallel Line,australian country,253084,Monday
421,10/28/2019 17:53,Joseph Vincent,Set You Free,pop,205529,Monday
422,10/28/2019 18:54,Mitchel Musso,Hey,post-teen pop,107226,Monday
423,10/29/2019 15:03,Old Dominion,Make It Sweet,contemporary country,187000,Tuesday
424,10/29/2019 15:15,Junior Doctor,Uh Oh,pop emo,217254,Tuesday
425,10/29/2019 16:15,Sidewalk Prophets,Smile,anthem worship,176133,Tuesday
426,10/29/2019 16:15,Sam Smith,Stay With Me,pop,40016,Tuesday
427,10/29/2019 16:17,Lobo,California Kid and Reemo,adult standards,81843,Tuesday
428,10/29/2019 21:30,Skillet,Feel Invincible,alternative metal,229933,Tuesday
429,10/29/2019 21:33,Jessy Matador,Allez Ola Olé,francoton,172745,Tuesday
430,10/29/2019 21:37,The Offspring,"You're Gonna Go Far, Kid",alternative metal,177826,Tuesday
431,10/29/2019 21:42,Fall Out Boy,The Phoenix,emo,244960,Tuesday
432,10/29/2019 21:45,Willy William,La La La,francoton,171630,Tuesday
433,10/29/2019 21:48,blink-182,Darkside,pop punk,178224,Tuesday
434,10/29/2019 21:51,Daddy Yankee,Limbo,latin,224693,Tuesday
435,10/29/2019 21:55,Robin Schulz,Sugar (feat. Francesco Yates),dance pop,219043,Tuesday
436,10/29/2019 21:59,Sofia Reyes,"1, 2, 3 (feat. Jason Derulo & De La Ghetto)",dance pop,52206,Tuesday
437,10/29/2019 22:15,Sweet,Ballroom Blitz,album rock,246573,Tuesday
438,10/29/2019 22:22,blink-182,She's Out Of Her Mind,pop punk,162720,Tuesday
439,10/29/2019 22:25,The All-American Rejects,Dirty Little Secret,modern rock,193653,Tuesday
440,10/29/2019 22:28,Bowling For Soup,Almost,comic,206160,Tuesday
441,10/29/2019 22:31,Kanye West,Black Skinhead,chicago rap,188013,Tuesday
442,10/29/2019 22:36,Eminem,Without Me,detroit hip hop,290320,Tuesday
443,10/30/2019 5:46,The Belle Stars,Iko Iko,new wave pop,53414,Wednesday
444,10/30/2019 5:47,First Class,Beach Baby,rock,45102,Wednesday
445,10/30/2019 5:51,Hollywood Undead,Bullet,alternative metal,38792,Wednesday
446,10/30/2019 5:53,Hollywood Undead,Christmas In Hollywood,alternative metal,45702,Wednesday
447,10/30/2019 5:54,Daler Mehndi,Tunak Tunak Tun,bhangra,72002,Wednesday
448,10/30/2019 5:58,Prince Royce,Back It Up (feat. Jennifer Lopez & Pitbull) - Spanish Version,bachata,62029,Wednesday
449,10/30/2019 5:59,Daddy Yankee,Limbo,latin,34999,Wednesday
450,10/30/2019 6:04,Flight of the Conchords,Too Many Dicks (On The Dance Floor),comic,30281,Wednesday
451,10/30/2019 6:07,Jump5,"Aloha, E Komo Mai (Theme Song from Lilo & Stitch: The Series) - Extended Version",post-teen pop,41124,Wednesday
452,10/30/2019 6:10,O-Zone,Ma Ya Hi (Dragostea Din Tei) (feat. Lucas Prata),bubblegum dance,38124,Wednesday
453,10/30/2019 6:25,Sammy Adams,Driving Me Crazy,indie pop rap,34202,Wednesday
454,10/30/2019 6:25,Mumford & Sons,Forever,modern folk rock,90790,Wednesday
455,10/30/2019 6:34,Keith Urban,Never Comin Down,australian country,45424,Wednesday
456,10/30/2019 6:36,Common Kings,Take Her,jawaiian,46187,Wednesday
457,10/30/2019 6:41,Zac Brown Band,Sweet Annie,contemporary country,51826,Wednesday
458,10/30/2019 6:44,Zac Brown Band,Mango Tree,contemporary country,99071,Wednesday
459,10/30/2019 6:45,Zac Brown Band,The Wind - Greatest Hits Version,contemporary country,51967,Wednesday
460,10/30/2019 6:46,Zac Brown Band,2 Places at 1 Time,contemporary country,75614,Wednesday
461,10/30/2019 6:47,Stellar Kart,Can You Feel The Love Tonight,ccm,67425,Wednesday
462,10/30/2019 6:48,Phineas and the Ferbtones,Gitchee Gitchee Goo,pop,30216,Wednesday
463,10/30/2019 6:51,Los Lobos,One Time One Night,roots rock,30086,Wednesday
464,10/30/2019 16:32,Los Lobos,One Time One Night,roots rock,289306,Wednesday
465,10/30/2019 16:37,Caesars,Jerk It Out,swedish indie rock,195666,Wednesday
466,10/30/2019 16:42,Frankie Valli & The Four Seasons,"December, 1963 (Oh What a Night!)",adult standards,201093,Wednesday
467,10/30/2019 16:45,Lincoln Brewster,Made New,anthem worship,202988,Wednesday
468,10/30/2019 16:49,Kenny Chesney,American Kids,contemporary country,182960,Wednesday
469,10/30/2019 16:53,Mark Keali'i Ho'omalu,"He Mele No Lilo - From ""Lilo & Stitch""/Soundtrack Version",movie tunes,148133,Wednesday
470,10/30/2019 18:55,One Direction,No Control,boy band,199720,Wednesday
471,10/30/2019 18:56,PSY,DADDY,k-pop,44963,Wednesday
472,10/30/2019 19:01,Zac Brown Band,Lance's Song,contemporary country,147321,Wednesday
473,10/30/2019 21:56,Matthew West,Truth Be Told,anthem worship,219440,Wednesday
474,10/30/2019 22:00,Thomas Rhett,Notice,contemporary country,222853,Wednesday
475,10/30/2019 22:02,Shakira,"Whenever, Wherever",colombian pop,65756,Wednesday
476,10/30/2019 22:17,Old Dominion,My Heart Is a Bar,contemporary country,234853,Wednesday
477,10/30/2019 23:31,Sidewalk Prophets,Smile,anthem worship,176133,Wednesday
478,10/30/2019 23:40,Zac Brown Band,From Now On,contemporary country,260960,Wednesday
479,10/31/2019 0:07,Zac Brown Band,Island Song,contemporary country,160825,Thursday
480,10/31/2019 15:02,Zac Brown Band,Lance's Song,contemporary country,274613,Thursday
481,10/31/2019 15:24,The Goo Goo Dolls,Come to Me,alternative rock,225333,Thursday
482,10/31/2019 15:27,Rudimental,"These Days (feat. Jess Glynne, Macklemore & Dan Caplen)",dance pop,210772,Thursday
483,10/31/2019 16:07,Luke Bryan,Drink A Beer,contemporary country,202613,Thursday
484,10/31/2019 16:14,Lewis Capaldi,Someone You Loved,pop,122637,Thursday
485,10/31/2019 21:23,Pitbull,Echa Pa'lla (Manos Pa'rriba) (feat. Papayo),dance pop,196440,Thursday
486,10/31/2019 21:27,KB,Not Today Satan,christian hip hop,246545,Thursday
487,10/31/2019 21:41,Robin Schulz,Sugar (feat. Francesco Yates),dance pop,219043,Thursday
488,10/31/2019 21:51,Guns N' Roses,Sweet Child O' Mine,glam metal,281161,Thursday
489,10/31/2019 21:55,U2,Vertigo,irish rock,194520,Thursday
490,10/31/2019 21:59,Eminem,Venom - Music From The Motion Picture,detroit hip hop,269554,Thursday
491,10/31/2019 22:02,Jónsi,Where No One Goes,compositional ambient,164533,Thursday
492,10/31/2019 22:09,Boys Like Girls,Five Minutes to Midnight,neo mellow,227360,Thursday
493,10/31/2019 22:16,Bowling For Soup,Almost,comic,206160,Thursday
494,10/31/2019 22:27,Fall Out Boy,The Phoenix,emo,244960,Thursday
495,10/31/2019 22:31,The All-American Rejects,Dirty Little Secret,modern rock,193653,Thursday
496,10/31/2019 22:35,3 Doors Down,Kryptonite,alternative metal,233933,Thursday
497,10/31/2019 22:48,Skillet,Feel Invincible,alternative metal,229933,Thursday
498,10/31/2019 22:51,Kanye West,Black Skinhead,chicago rap,188013,Thursday
499,10/31/2019 22:56,Eminem,Without Me,detroit hip hop,290320,Thursday
500,10/31/2019 23:03,Jessie J,Bang Bang,dance pop,199320,Thursday
501,10/31/2019 23:04,We The Kings,"Check Yes, Juliet",neon pop punk,44920,Thursday
502,11/1/2019 14:59,Lobo,California Kid and Reemo,adult standards,168960,Friday
503,11/1/2019 16:57,Backstreet Boys,It's Christmas Time Again,boy band,203028,Friday
504,11/1/2019 18:45,Enrique Iglesias,Bailando - Spanish Version,dance pop,243413,Friday
505,11/1/2019 19:09,ABBA,Chiquitita,europop,184776,Friday
506,11/1/2019 20:05,ABBA,Chiquitita,europop,128260,Friday
507,11/1/2019 21:34,The Beach Boys,Little Saint Nick - 1991 Remix,baroque pop,118840,Friday
508,11/1/2019 21:38,Jason Derulo,Marry Me,dance pop,225026,Friday
509,11/1/2019 21:46,Luke Combs,When It Rains It Pours,contemporary country,240760,Friday
510,11/1/2019 21:50,Brad Paisley,Mud on the Tires,contemporary country,208266,Friday
511,11/1/2019 21:50,The Word Alive,Lighthouse,melodic metalcore,30422,Friday
512,11/1/2019 21:56,Sister Hazel,All For You,acoustic pop,218706,Friday
513,11/1/2019 22:26,Thomas Rhett,Marry Me,contemporary country,205453,Friday
514,11/1/2019 22:29,Thomas Rhett,Remember You Young,contemporary country,180466,Friday
515,11/1/2019 22:30,AronChupa,I'm an Albatraoz,swedish pop,48274,Friday
516,11/2/2019 3:32,Zac Brown Band,Lance's Song,contemporary country,274613,Saturday
517,11/2/2019 3:45,Hillsong UNITED,Oceans (Where Feet May Fail),ccm,536000,Saturday
518,11/2/2019 4:11,Matthew West,Truth Be Told,anthem worship,219440,Saturday
519,11/2/2019 4:14,Mandy Moore,"I See the Light - From ""Tangled"" / Soundtrack Version",dance pop,168560,Saturday
520,11/2/2019 22:02,One Direction,Diana,boy band,184666,Saturday
521,11/2/2019 22:05,Zac Brown Band,The Wind - Greatest Hits Version,contemporary country,176840,Saturday
522,11/2/2019 22:15,Tame Impala,The Less I Know The Better,australian psych,216320,Saturday
523,11/2/2019 22:19,Sam Hunt,Take Your Time,contemporary country,143961,Saturday
524,11/2/2019 22:22,Neil Diamond,Cracklin' Rosie,adult standards,178853,Saturday
525,11/2/2019 22:22,Skillet,Rise,alternative metal,49319,Saturday
526,11/2/2019 22:29,Old Dominion,My Heart Is a Bar,contemporary country,238986,Saturday
527,11/2/2019 22:40,Train,50 Ways to Say Goodbye,neo mellow,54276,Saturday
528,11/2/2019 22:43,Sidewalk Prophets,Smile,anthem worship,176133,Saturday
529,11/2/2019 23:07,ABBA,Mamma Mia,europop,213164,Saturday
530,11/2/2019 23:12,Journey,Separate Ways (Worlds Apart),album rock,323706,Saturday
531,11/2/2019 23:19,Pitbull,Echa Pa'lla (Manos Pa'rriba) (feat. Papayo),dance pop,196440,Saturday
532,11/2/2019 23:25,Fall Out Boy,"Sugar, We're Goin Down",emo,229093,Saturday
533,11/2/2019 23:34,Boston,Foreplay / Long Time,album rock,463116,Saturday
534,11/2/2019 23:47,U2,The Miracle (Of Joey Ramone),irish rock,255382,Saturday
535,11/2/2019 23:53,Sweet,Ballroom Blitz,album rock,246573,Saturday
536,11/2/2019 23:57,Eminem,Berzerk,detroit hip hop,238746,Saturday
537,11/3/2019 0:08,Robin Schulz,Sugar (feat. Francesco Yates),dance pop,219043,Sunday
538,11/3/2019 0:11,The Offspring,"You're Gonna Go Far, Kid",alternative metal,177826,Sunday
539,11/3/2019 0:14,Jason Derulo,"Colors - Coca-Cola® Anthem, 2018 FIFA World CupTM",dance pop,187389,Sunday
540,11/3/2019 0:18,Macklemore & Ryan Lewis,Can't Hold Us - feat. Ray Dalton,dance pop,258342,Sunday
541,11/3/2019 0:26,The All-American Rejects,Dirty Little Secret,modern rock,193653,Sunday
542,11/3/2019 0:29,Boys Like Girls,Five Minutes to Midnight,neo mellow,227360,Sunday
543,11/3/2019 0:33,Blackjack Billy,The Booze Cruise,modern southern rock,175560,Sunday
544,11/3/2019 0:40,Bowling For Soup,Almost,comic,206160,Sunday
545,11/3/2019 0:42,Juan Magán,Echa Pa Aca,dance pop,74830,Sunday
546,11/3/2019 0:45,ABBA,Mamma Mia,europop,186743,Sunday
547,11/3/2019 22:07,ABBA,Mamma Mia,europop,74244,Sunday
548,11/4/2019 16:03,Zac Brown Band,Whatever It Is - Greatest Hits Version,contemporary country,208346,Monday
549,11/4/2019 19:55,John Denver,"Leaving, On a Jet Plane - ""Greatest Hits"" Version",adult standards,218908,Monday
550,11/5/2019 16:02,ABBA,The Winner Takes It All,europop,294733,Tuesday
551,11/5/2019 16:08,Dan + Shay,"10,000 Hours (with Justin Bieber)",contemporary country,167693,Tuesday
552,11/5/2019 16:12,Elvis Presley,Burning Love - Live,rock-and-roll,177080,Tuesday
553,11/5/2019 16:15,Lincoln Brewster,Everlasting God,anthem worship,179803,Tuesday
554,11/5/2019 17:17,Taylor Swift,I Almost Do,dance pop,242573,Tuesday
555,11/5/2019 19:44,Blackjack Billy,Born to Ride,modern southern rock,219693,Tuesday
556,11/5/2019 19:48,Fall Out Boy,The Phoenix,emo,244960,Tuesday
557,11/5/2019 19:53,AC/DC,Thunderstruck,album rock,292880,Tuesday
558,11/5/2019 20:10,Thousand Foot Krutch,Untraveled Road,alternative metal,235689,Tuesday
559,11/5/2019 20:15,Foo Fighters,Learn to Fly,alternative metal,235293,Tuesday
560,11/5/2019 20:18,Fall Out Boy,Death Valley,emo,226720,Tuesday
561,11/5/2019 20:23,Santana,Into the Night (feat. Chad Kroeger),blues rock,222440,Tuesday
562,11/5/2019 20:26,JAY-Z,Ni**as In Paris,east coast hip hop,219320,Tuesday
563,11/5/2019 20:30,Kid Ink,Ride Out,dance pop,211908,Tuesday
564,11/5/2019 20:34,Fall Out Boy,"Sugar, We're Goin Down",emo,229093,Tuesday
565,11/5/2019 20:35,Shinedown,Diamond Eyes (Boom-Lay Boom-Lay Boom),alternative metal,68615,Tuesday
566,11/5/2019 20:37,ABBA,Mamma Mia,europop,155216,Tuesday
567,11/5/2019 21:16,ABBA,Mamma Mia,europop,215266,Tuesday
568,11/5/2019 21:20,ABBA,When I Kissed The Teacher,europop,182000,Tuesday
569,11/5/2019 21:33,Zac Brown Band,Goodbye in Her Eyes,contemporary country,324266,Tuesday
570,11/5/2019 21:37,Post Malone,Candy Paint,dfw rap,227533,Tuesday
571,11/5/2019 21:41,The Goo Goo Dolls,Come to Me,alternative rock,225333,Tuesday
572,11/5/2019 21:46,One Direction,No Control,boy band,199720,Tuesday
573,11/5/2019 22:17,Zac Brown Band,Loving You Easy,contemporary country,155653,Tuesday
574,11/5/2019 22:20,Sam Hunt,Leave The Night On,contemporary country,192160,Tuesday
575,11/5/2019 22:28,Jonas Brothers,Strangers,boy band,233853,Tuesday
576,11/5/2019 22:35,The Goo Goo Dolls,Sympathy,alternative rock,178146,Tuesday
577,11/5/2019 22:50,Troy,Bet On It,australian pop,198320,Tuesday
578,11/5/2019 22:55,Dan + Shay,My Side of the Fence,contemporary country,214461,Tuesday
579,11/6/2019 17:37,Taylor Swift,Paper Rings,dance pop,222400,Wednesday
580,11/6/2019 17:53,Kenny Chesney,American Kids,contemporary country,182960,Wednesday
581,11/6/2019 18:50,Dexys Midnight Runners,Come On Eileen,bow pop,176923,Wednesday
582,11/6/2019 18:59,Taylor Swift,The Lucky One,dance pop,240133,Wednesday
583,11/6/2019 19:56,Juan Magán,Echa Pa Aca,dance pop,101466,Wednesday
584,11/6/2019 21:05,One Direction,No Control,boy band,121142,Wednesday
585,11/6/2019 22:35,James Taylor,Carolina in My Mind,adult standards,238573,Wednesday
586,11/6/2019 22:41,Lobo,Don't Expect Me to Be Your Friend,adult standards,217906,Wednesday
587,11/6/2019 22:44,Panic! At The Disco,High Hopes,baroque pop,190946,Wednesday
